{"cameraMode":{"drawMode":0,"name":"Shaded","section":"Shading Mode"},"sceneLighting":false,"audioPlay":false,"sceneViewState":{"m_AlwaysRefresh":false,"showFog":false,"showSkybox":false,"showFlares":false,"showImageEffects":false,"showParticleSystems":false,"showVisualEffectGraphs":true,"m_FxEnabled":true},"in2DMode":false,"pivot":{"x":0.3783862590789795,"y":0.9572672843933106,"z":-0.19910383224487306},"rotation":{"x":-0.07986830919981003,"y":0.9043512940406799,"z":-0.19446708261966706,"w":-0.3714196979999542},"size":1.7439693212509156,"orthographic":false}